"","continent","variance"
"1","Oceania",14.4066633025362
"2","Europe",29.5194210961854
"3","Africa",83.7263472327345
"4","Americas",87.3306697799219
"5","Asia",140.767108377472
